route,rows,geometry_weight,rmse
__global__,3783989,1.0,16.308060374154575
baseline_fallback,205186,1.0,20.2986083134338
geometry_residual,37915,1.0,11.573672595356005
gr_residual,461472,0.95,15.367913793381446
typewell_alignment,3079416,1.0,16.177462049682266
