variant,rmse
optimized,16.293157661424246
geometry,16.308060374154575
balanced,41.56567678806079
aggressive,59.352783561003974
conservative,109.59531036501689
baseline,119.9332960625617
