variant,rmse
geometry,15.628804658466327
optimized,15.628804658466327
balanced,42.22312345285402
aggressive,59.90144899561265
conservative,109.59530713334239
baseline,119.9332960625617
