mask_type,splits,wells,target_rows,selected_alpha,best_alpha_on_mask,baseline_rmse,geometry_rmse,rmse_improvement,baseline_mae,geometry_mae,baseline_p95_abs_error,geometry_p95_abs_error,improved_splits,degraded_splits,mean_split_rmse_improvement,median_split_rmse_improvement,worst_split_degradation,best_split_improvement,residual_clip_abs,data_hash
original_hidden,773,773,3783989,1.0,1.0,0.3467417225658594,0.3398068881145421,0.006934834451317194,0.2600562919243945,0.25485516608590664,0.554786756105375,0.5436910209832675,773,0,0.006934834451317194,0.006749289682708992,0.0004939327248767965,0.016811928091905237,0.0,unknown
trailing_short,773,773,896051,1.0,1.0,0.3263389028158041,0.319812124759488,0.006526778056316088,0.24475417711185307,0.23985909356961604,0.5221422445052867,0.5116993996151808,773,0,0.006526778056316088,0.006181688694922027,0.0005512854938637193,0.016605810050920655,0.0,unknown
trailing_long,773,773,2930108,1.0,1.0,0.3439643569693264,0.3370850698299399,0.006879287139386534,0.2579732677269948,0.25281380237245493,0.5503429711509222,0.5393361117279039,773,0,0.006879287139386534,0.006642719279733811,0.000550286741634369,0.016960608211238126,0.0,unknown
mid_contiguous,773,773,888302,1.0,1.0,0.3467429599239569,0.33980810072547774,0.006934859198479144,0.26005721994296765,0.25485607554410833,0.5547887358783311,0.5436929611607644,773,0,0.006934859198479144,0.0067109721698990765,0.00027520397162202406,0.02113988631339958,0.0,unknown
random_contiguous,773,773,1259444,1.0,1.0,0.3505170506354643,0.343506709622755,0.007010341012709291,0.26288778797659823,0.25763003221706626,0.560827281016743,0.549610735396408,773,0,0.007010341012709291,0.006885926102392748,0.0004125097082793745,0.01834649756311879,0.0,unknown
