alpha,rmse,mae,median_abs_error,p90_abs_error,p95_abs_error,p99_abs_error,max_abs_error,bias
1.0,15.628804658466327,11.173170794666355,8.250582484435654,24.44773339679632,31.944950300337926,50.85115392166191,105.23733008165618,-0.00252425485476424
0.75,33.60794219560419,18.243982265877893,10.98310906703955,42.48876315928611,57.66062076022021,93.96561273900711,619.7624111262194,1.245437594578123
0.5,61.491418274229076,29.305236615093992,15.627700694069063,69.98444941691487,97.75260073458776,165.94316396308025,1264.0616074180143,2.4933994440110085
0.25,90.55032724022516,41.29993269080569,20.883641377973618,99.92593305244118,140.5639405147706,242.08428375269744,1908.3608037098093,3.741361293443895
0.0,119.9332960625617,53.68043854503403,26.63000000095235,130.610000002796,182.7799999906918,318.84119999622834,2552.660000001604,4.989323142876782
