{
  "model_name": "gated_geometry",
  "model_family": "gater",
  "model_backend": "per_well_alpha_grid",
  "candidate_type": "oracle_gated_residual",
  "oracle_candidate": true,
  "diagnostic_only": true,
  "eligible_for_auto_submission": false,
  "eligibility_reason": "per-well alpha is selected using the same well truth; use learned_gated_geometry for auto submission",
  "data_hash": "unknown",
  "alpha_grid": [
    0.0,
    0.25,
    0.5,
    0.75,
    1.0
  ],
  "metrics": {
    "rmse": 13.380673428950525,
    "mae": 9.467846833714821,
    "median_abs_error": 6.809999999999491,
    "p90_abs_error": 20.94459181668099,
    "p95_abs_error": 27.353335481170102,
    "p99_abs_error": 43.37758779984553,
    "max_abs_error": 105.23733008165618,
    "bias": -0.0955492438747187
  },
  "baseline_metrics": {
    "rmse": 119.9332960625617,
    "mae": 53.68043854503403,
    "median_abs_error": 26.63000000095235,
    "p90_abs_error": 130.610000002796,
    "p95_abs_error": 182.7799999906918,
    "p99_abs_error": 318.84119999622834,
    "max_abs_error": 2552.660000001604,
    "bias": 4.989323142876782
  },
  "geometry_metrics": {
    "rmse": 15.628804658466327,
    "mae": 11.173170794666355,
    "median_abs_error": 8.250582484437473,
    "p90_abs_error": 24.44773339679632,
    "p95_abs_error": 31.944950300337926,
    "p99_abs_error": 50.85115392166191,
    "max_abs_error": 105.23733008165436,
    "bias": -0.0025242548547641168
  },
  "improved_wells": 670,
  "degraded_wells": 0,
  "mean_alpha": 0.7826649417852523,
  "train_rows": 3783989,
  "fit_rows": 3783989,
  "fit_fraction": 1.0,
  "feature_columns": [
    "oof_residual_pred",
    "alpha"
  ]
}
